<?xml version="1.0" encoding="utf-8"?>
<!DOCTYPE hibernate-configuration PUBLIC "-//Hibernate/Hibernate Configuration DTD 3.0//EN" "http://hibernate.sourceforge.net/hibernate-configuration-3.0.dtd">
<hibernate-configuration>
    <session-factory>
        <property name="hibernate.connection.driver_class">com.mysql.jdbc.Driver</property>
  		<property name="hibernate.connection.url">jdbc:mysql://localhost:3306/tech?useUnicode=true&amp;characterEncoding=UTF-8&amp;autoReconnect=true</property>
        <property name="hibernate.connection.username">root</property>
        <property name="hibernate.connection.password"></property>
        <property name="show_sql">false</property>
        <mapping class="com.works.bootmvc.model.Test"/>
    </session-factory>
</hibernate-configuration>
